N_Cuenta;Nombre;Saldo_Actual;Ult_Transac
97410;Piedad Sotelo Arcos;0;2/3/2020
19059;Anselmo Vara Bernal;1629570;22/2/2021
29821;Inés Carlos-Rodriguez;216757;11/1/2019
22090;Abril Espejo Bolaños;5620268;30/9/2019
28481;Javi Puente Pazos;5601345;20/7/2021
74743;Pepita Nicolau Pagès;4254960;24/2/2018
21215;Chus Casanovas Ramón;5619975;10/10/2018
91638;Armando Ariza Reyes;1282636;27/5/2019
90066;Manola Hierro Aparicio;5941292;15/8/2019
95086;Pedro Lago Cabrera;719952;16/11/2020
76536;Goyo Roda Montaña;1637639;31/1/2020
59940;Tiburcio Galindo Yáñez;2713696;3/11/2018
22518;Lupita Moya Morante;1102050;14/11/2018
33539;Felipa Roxana Pardo Bilbao;2360118;5/4/2020
84741;Julia Doménech Pozo;8501655;17/2/2018
66609;Paco Boada Figueroa;6720501;26/12/2020
72866;Carina Pons-Luque;0;1/8/2018
93110;Judith Cabello Espada;7518263;26/5/2019
58343;Tomás Arribas Llanos;2128936;28/6/2018
25846;Emperatriz Ainara Morata Canals;9423166;12/2/2018
36021;Nieves Isaura Tomas Neira;3742044;18/1/2020
80830;Luisina Giralt Romeu;5701281;7/5/2021
89577;Febe Burgos Verdejo;7167981;13/9/2019
58064;Rosenda Bejarano Murcia;8676382;23/10/2018
23599;Camila Pazos Blasco;7459930;28/4/2021
78536;Marisol Murcia Roca;6983740;26/7/2019
33396;Esperanza Pinto Bonet;7852487;2/1/2018
83970;Lucila Piquer Alcázar;7556091;1/10/2020
49566;Nazaret Marcelino Ruano Sastre;1338022;15/3/2020
37927;Sergio Frías Ribera;2304520;14/6/2021
60818;Juan Antonio Villena Prat;6863284;6/11/2020
94620;Candelario Llobet Saavedra;8881518;30/6/2019
70689;Pastora de Gomila;8168496;21/5/2018
21716;Marc Ferrándiz Colom;2181013;17/12/2020
18125;Gastón Benito Blanca;1073455;8/7/2021
32929;Venceslás Antón Toledo;9566359;4/10/2021
45707;Miguela Villena;2884538;19/7/2019
26460;Paulino Bautista;1556295;19/1/2021
89475;Héctor Sedano-Marín;9643000;16/10/2019
55398;Matías Vizcaíno Barceló;2577781;15/1/2019
70167;Chucho Parejo Prado;2610091;23/2/2019
50777;Isabela Almeida Carbonell;6262160;12/11/2019
91665;Constanza Lerma Palmer;1660777;25/10/2020
76003;Dalila Piña;2742838;24/3/2018
21722;Sergio de Coello;363968;18/2/2021
23856;Camilo Villalba Ramirez;7709740;19/7/2018
29613;Merche Luque Marti;8389319;5/12/2019
55517;Manu Tormo Segarra;1909356;27/3/2020
16336;Loreto Édgar Bonilla Bru;8379618;22/10/2020
33076;Cristian Bilbao Figuerola;531295;1/12/2019
70561;Marta Higueras-Acuña;886133;22/8/2018
26451;Herberto Egea Uría;8659266;21/8/2019
78452;Íñigo Borrás Quesada;3438975;30/5/2018
33460;Narcisa Marcos;4273972;14/4/2021
82039;Odalys Jiménez Monreal;9821135;14/1/2019
75356;Melchor Torrijos Calderón;2289533;18/4/2018
48741;Manuela Campo Botella;56181;14/7/2018
18878;Vito Benjamín Cañizares Abellán;7278039;9/6/2019
45194;Alejandro Campo Bartolomé;7271541;1/11/2020
87019;Candelario Ambrosio Mir Amigó;2516889;30/10/2020
33187;Aarón Martí Santiago;5856724;25/7/2021
14712;Leoncio Valls Galindo;9528619;2/9/2021
36542;Pastora Sedano Sainz;4143424;17/10/2021
99095;Ambrosio del Niño;1196194;9/10/2020
90483;Arsenio Benavides Gracia;9744474;18/5/2021
34264;Salomé Izaguirre Salom;1967742;4/11/2019
21994;Ani Sosa Cantón;1953516;3/10/2020
56990;Nacho Uría Martorell;1032449;14/7/2018
79898;Eliana de Villalonga;8648205;9/6/2021
31584;Cosme Román Saavedra Torrecilla;4031216;23/7/2019
69881;Genoveva Correa Escrivá;6813569;13/4/2019
31584;Crescencia Marín Vigil;4384338;9/4/2018
12355;Omar Nacho Agustín Portillo;4218380;10/5/2021
41268;Edgardo Gimeno Ayllón;8258842;4/6/2021
31039;Loreto de Palacios;530225;18/6/2018
37157;Alejo Vera Castilla;1324765;13/4/2021
40408;Yaiza Valcárcel-Escudero;1393267;1/6/2019
63550;Alma Blazquez Asenjo;3147578;23/1/2021
30703;Mónica Ureña Lasa;9056689;29/7/2021
24241;Poncio Ferrero Carbajo;2071704;5/5/2020
95086;Tania Ruano Estrada;8287104;26/7/2021
71572;Eutropio Mendez-Quintanilla;2323691;4/6/2021
82269;Bonifacio Mateo Sebastián;9782553;10/10/2019
48339;Cándido Moreno Menendez;9301627;11/11/2021
10561;Marc Colomer Pardo;2244804;3/3/2018
24983;Rosario Roman Lobo;4251183;10/10/2021
19374;Nilo Cepeda-Hernando;4060561;2/2/2021
91455;Flor Melero Castells;2291990;27/2/2020
56531;Purificación Huerta-Ibáñez;8720371;14/5/2020
51642;Hilario Gálvez Flor;5978687;26/2/2021
44839;Prudencio Hernando Bertrán;6732913;20/8/2021
81433;Mauricio Cárdenas Vara;4371125;31/5/2021
40072;Luisina de Ureña;6209833;18/2/2018
23027;Nereida Ramis Riba;1067221;20/7/2020
45243;Angélica Araujo Galindo;6023967;25/2/2021
17559;Graciano Camps Vargas;477336;12/3/2019
24000;Florina Pablo Tejero;2203541;7/3/2021
13198;Leticia Ferrer Vall;4869250;20/11/2018
92489;Alexandra Posada Roda;7522734;26/8/2018
54135;Eulalia Rubio-Roca;992818;21/4/2020
41963;Erasmo Mariño-Rincón;8208956;26/8/2021
74099;Obdulia Prat Llamas;656964;28/7/2018
10691;Brunilda Roca Beltrán;6035127;12/10/2018
11113;Héctor Cañas-Tudela;2583710;7/9/2020
42538;Curro Oliver Ibarra;2198804;22/9/2021
97570;Martin Calzada Palomares;9419712;5/5/2018
26648;Felix del Peralta;4680323;27/11/2018
50887;José Cloe Sans Grande;8481893;24/12/2020
88174;Victoriano Badía Bermejo;4060822;8/2/2020
75814;Yolanda Tormo Vila;8331785;12/10/2021
35604;Marita Rico Acevedo;5974510;22/7/2020
27023;Rafa Torres Uriarte;7591996;2/9/2019
93811;Luciano Macias Ribes;3592521;22/3/2021
38164;Patricio Giménez Cámara;3549197;30/5/2021
35371;Fortunato Abellán-Gárate;9428071;17/7/2019
18510;Áurea del Madrigal;6314494;23/8/2018
52176;Carla Solsona Fuster;8577700;6/9/2021
92420;Galo Duran;550412;23/10/2020
83212;Duilio Montero Amat;8330482;14/12/2021
67592;Elisabet Anunciación Oliver Codina;7742987;9/8/2018
90534;Albina Herrero Moreno;217735;17/8/2018
63261;Ernesto Coll Hernández;8622317;27/1/2018
57780;Mariana Valderrama Álamo;8027922;9/10/2018
52644;Felipe Mendez Garriga;7278873;16/3/2020
20471;Evelia Solsona Cortes;7191037;17/4/2019
71906;Oriana Riba-Manjón;3019445;18/8/2019
41700;Cruz Villanueva Bayón;4724749;30/6/2020
70742;Calixto Querol Hierro;3785094;15/6/2021
40867;Prudencia Cortés Álvarez;6847965;22/2/2018
43298;Cesar Garmendia;2510001;3/10/2021
91143;Samu Máximo Fuertes Blanch;2954484;28/3/2021
53200;Genoveva Díaz Lerma;5202067;3/6/2019
97319;Urbano Bustos Niño;45732;3/6/2021
86887;Poncio Fernandez Hervás;9040933;11/11/2019
45624;Renata Guadalupe Larrañaga Losa;5850663;1/5/2018
11034;Pía Acuña Barroso;3514841;7/8/2020
80821;Eufemia Borrás Hernando;6352402;18/1/2021
44044;Ceferino Porta;3728856;11/1/2021
51447;Alfredo Villalba Araujo;8847139;2/12/2019
78416;Rosalinda Zamora Cisneros;258053;5/6/2019
27498;Nayara Leal Cuesta;4951864;16/7/2021
57037;Custodia Frías Paz;1628150;1/7/2020
12043;Eloísa Meléndez Llano;3209459;11/7/2018
44216;Micaela Rocha Bastida;2348524;15/4/2020
70237;Benita Canals Menéndez;9520852;6/4/2018
70019;Ibán Vázquez Rivero;9665068;6/10/2019
30658;Adolfo Aarón Cantón Villanueva;8489877;10/9/2019
90104;Alonso Blazquez Gonzalez;3108184;3/9/2021
15293;Reinaldo Acero Luque;8144840;5/4/2019
58489;Jacinta Cayetana Gracia Vargas;7234719;11/6/2019
98581;Concha Carrillo Saura;2170971;27/2/2021
93236;Aureliano Ortuño Crespo;1327035;17/5/2021
84980;Ciriaco Redondo Campos;9983803;28/9/2019
77461;Celia Clementina Caro García;6727869;11/8/2020
86601;Candelario Aguado-Arcos;7446485;29/9/2018
82293;Isaías Eric Rebollo Ros;6324123;20/8/2018
47313;Paula Juliá Viñas;2463357;29/6/2020
91363;Angelita Recio Rodriguez;7615063;19/10/2018
12550;Lorena Amo Velasco;2586883;29/6/2021
32598;Elisa Ortiz-Pedro;4686563;24/3/2020
17029;Marcelino Zaragoza Rivera;332329;30/12/2019
43764;Ruperta de Fernandez;1296698;27/8/2018
26755;Montserrat Cañete Bonilla;7172037;13/11/2018
29942;María de Tenorio;2419749;19/8/2020
58226;Isabela Grau Díez;4063175;14/12/2021
80711;Ale Arana-Prats;7165041;4/5/2019
30217;Ricarda Bejarano Arellano;4839897;5/11/2018
34269;Pacífica Huertas-Camps;226572;11/8/2020
52158;Calixto del Abella;7075257;1/1/2018
45233;Jenaro Cases Tomas;19750;19/12/2020
67086;Calixto Baena;2815373;5/6/2019
54502;Renata Nieto Mascaró;2155749;6/9/2021
82709;Benjamín Cortes Villaverde;8184492;5/1/2020
95250;María Dolores Comas Acero;8345313;8/12/2020
91832;Catalina Quevedo Saez;6147120;31/3/2020
26870;Olivia Duque Linares;3147505;20/9/2021
23102;Erasmo Morell Guillen;22924;2/5/2021
11159;Trinidad Gallart Villalonga;5703344;19/9/2021
64297;Pascual Fernandez Pascual;4294320;1/5/2021
17670;Aránzazu Aroca Barroso;9554067;29/6/2021
72690;Javier Ros Arellano;485575;25/5/2021
42279;Alfredo Montenegro Vergara;3003678;17/2/2019
86146;Febe Palomo Roldán;4081256;30/3/2021
31373;Marita Oliveras-Llopis;1822960;27/12/2021
38323;Amaya Llabrés;8206984;23/2/2019
85558;Eva María Tomé Fuertes;7431494;16/4/2018
26653;Adora Arroyo Mínguez;756504;12/8/2021
48496;Rafael Desiderio Espinosa Pagès;4811041;9/1/2021
36493;Loida Campoy;8616937;22/5/2021
91007;Esperanza Moraleda Aguiló;4819161;18/8/2021
38669;Carmina Rovira-Barranco;9847965;10/12/2020
85428;Amador Ribera-Lara;1037767;6/11/2020
36955;Narcisa Alcalá-Bueno;2036906;30/6/2020
13612;Anastasia Arcos Montes;65730;30/9/2019
70599;Ximena de Pina;6858813;26/11/2021
66274;César Salvà Castrillo;2930596;18/7/2019
48441;Camila del Tamarit;4087852;15/3/2020
98620;Yéssica Domínguez Polo;2570890;28/2/2020
52710;Antonio Barrera Mir;4513171;7/11/2019
60294;Ruy Alegre Jaén;6574758;7/12/2020
23367;Atilio de Bermejo;4694391;13/12/2021
67814;Teresa del Borrás;5870777;14/10/2020
86666;Rosaura del Prado;9397158;24/1/2018
83446;Bernardino Diego Herrera;7189929;16/3/2018
65599;Rogelio Arana Escrivá;2810485;5/7/2018
51051;Gisela Palmira Alba Arjona;4770840;13/7/2020
78062;Adrián Avilés Llano;788948;20/11/2021
31892;Carina Aparicio-Escribano;3234534;15/2/2019
12525;Joaquina Estefanía Catalán Cuéllar;2280233;12/11/2018
82884;Elías Nicolás Muro Miguel;7745390;23/1/2018
23848;Miriam Luján Viña;2960565;18/4/2021
37483;Víctor Mariño Escribano;1957666;20/8/2020
48885;Alfredo Luna Abellán;4484569;7/5/2018
68982;Corona Guijarro Merino;6113152;13/6/2018
26310;Chus del Garcés;6431877;28/12/2020
28309;Armida Pulido Folch;4433345;30/3/2018
55029;Maximiano del Manrique;7350239;21/1/2018
92107;Marino España Espejo;2794676;14/7/2018
12874;Saturnina Noriega Batlle;7835434;12/9/2021
43439;Anastasia Octavia Campos Pol;9181036;21/8/2020
66995;Fidel Iniesta;117520;20/3/2020
65888;Gracia Pascuala Llamas Robles;9860933;9/12/2020
46536;Remedios Amor Gargallo;1835116;30/3/2019
62959;Pedro Mariscal Ponce;6399026;23/6/2021
33672;Venceslás Ramón Diaz;3778944;3/9/2018
37073;Teo Portillo Pol;990020;29/9/2019
82639;Reyes Manuel Isern;680408;8/5/2018
18833;Bernardo Crespi;8595199;9/8/2020
51098;Glauco Miralles Samper;2208644;10/11/2020
22878;Inocencio Urrutia Jover;2704412;8/10/2021
70924;Jenny Daza Echeverría;2510278;27/12/2019
28026;Rosa Ámbar Tamarit Folch;8736798;14/1/2021
32174;Marco Casal;9837356;13/12/2019
36478;Ignacia Bayo Grau;5078659;13/7/2021
29181;Manu Montesinos Cases;1985336;11/6/2021
47343;Che Rubén Peláez Alcázar;2522115;14/4/2019
88754;Primitivo Salom Meléndez;2219731;9/9/2021
59605;Lorena Leon Rey;9728431;20/9/2021
63590;Urbano González Verdejo;5503823;30/4/2019
87778;Amancio Valencia Arcos;1280079;8/7/2020
65964;Jenaro Egea Pomares;5776061;21/6/2018
26874;Gabriel Frías Martin;3517135;16/9/2018
25095;Artemio Segismundo Ríos Galán;9440034;14/8/2021
41709;Diego de Romeu;3464973;29/10/2020
87238;Joaquina Bertrán Arenas;2021494;12/1/2021
11181;Juan Antonio Juan Carlos Alcántara Acedo;4479902;18/12/2018
68241;Roldán Valenzuela Quintero;1395230;13/4/2021
57025;Francisco Javier Aurelio Báez Vall;1777098;29/4/2020
75066;Epifanio Rozas Perera;5851754;27/4/2019
52108;Antonio Lledó Ripoll;7857301;31/5/2018
32634;Ester Nadal Palomo;6180730;20/4/2021
43407;Felix Rios Escalona;2160575;5/4/2019
76925;Renato del Manzanares;1577333;27/3/2021
88066;Dora Cerro Mayol;3885411;18/8/2021
48367;Joan del Santamaría;4712086;24/11/2018
90156;Fausto Tejada Giménez;6416775;12/11/2021
87441;Esteban Ripoll Lumbreras;7800918;23/1/2020
80768;Emilia Romeu Álvarez;6852967;1/7/2021
13843;Jonatan Fortunato Alegria Otero;5300250;7/11/2020
58812;Rebeca María Ángeles Carreño Ribes;7558923;30/8/2020
25550;Adela Acuña Cobo;8732546;2/11/2021
43642;Salud Fonseca Doménech;4763463;21/8/2018
85081;Ximena Flor-Redondo;8626325;6/3/2019
64403;Celso Leal Jimenez;7284989;3/11/2019
27105;Ulises Marin Collado;6328867;20/9/2018
58674;Roxana Perera Herrera;415682;6/3/2020
35499;Emiliana Cañizares Yuste;7266766;24/3/2018
92531;Nayara del Jerez;345552;29/4/2018
24700;León de Hierro;648568;29/1/2021
10706;Imelda Agudo Jerez;7912076;27/12/2019
47586;Rolando Cuadrado Ríos;3216499;20/10/2021
50380;Martín de Conde;5093169;4/8/2019
15988;Pepito Téllez;9288145;7/3/2021
86202;Camilo Ojeda Casals;1210463;8/1/2020
28361;Renata Bosch-Contreras;9355046;6/5/2021
69921;Rosalina Arco González;5170197;30/12/2019
71006;Severino Valera Verdugo;1418764;9/7/2020
94608;Lucila Izquierdo Gascón;805468;16/11/2021
83651;Andrés Felipe Catalá Adán;6638572;26/7/2019
66678;Juliana Berenguer Tapia;6273142;7/5/2019
19645;Marcial Merino Roca;8656768;19/6/2018
84104;Olga Clara Querol Roda;259903;9/3/2020
86016;Bonifacio Alberola Cánovas;3964413;29/3/2019
48325;Luisina Ponce Girona;1401086;25/5/2021
48115;Damián Verdejo-Landa;7848032;30/4/2019
56569;Roberta Falcón;2849291;8/12/2020
80619;Darío Blasco Báez;5628497;31/5/2021
56423;Carmina Enríquez-Serra;7555757;13/3/2021
63753;Cecilia Mas Arregui;965933;5/8/2021
80493;Obdulia Calvo Barroso;2190719;29/1/2020
78864;Lucho Mendoza Roca;7676068;30/12/2020
38278;Agustín Pujadas Oliveras;5750946;4/7/2018
92872;Prudencia Tania Montenegro Osorio;3494962;19/10/2020
93582;Pancho de Roman;3486234;28/10/2019
35096;Augusto del Cárdenas;5415375;8/11/2019
22556;Malena Alonso Ferrán;4922596;13/9/2020
35995;Abigaíl Salas Franch;5057825;5/4/2020
21253;Saturnino Narváez Perez;8962307;31/7/2018
67170;Bibiana Ferrero-Cuadrado;3749105;19/5/2021
46908;Valero Fuentes;8996841;13/12/2021
46483;Amada Tur Cuenca;3614156;29/4/2020
95332;Carmela Peinado Ribes;2004184;17/7/2019
76224;Estefanía Pera Puig;2750687;2/11/2018
51162;Amando Jose Leal Peralta;9183047;18/9/2019
66289;Amaya Fuentes Río;7745945;13/2/2019
63343;Adelina Carnero;4704396;14/11/2018
13208;Baldomero Marquez Ferrándiz;9750580;25/9/2021
71999;Donato Mármol-Garay;1641974;1/7/2018
88447;Carmelo Hector Pedraza Gallo;3004917;13/12/2021
45670;Porfirio Pol-Rozas;9861610;24/3/2021
86846;Bautista Buendía Prado;6967600;7/2/2021
21761;Amor Acosta-Barrio;5230855;15/5/2020
57838;Benita Guardiola Mulet;6806784;16/3/2018
19183;Azeneth de Vilanova;1270297;2/4/2019
53064;Ruperta Griselda Navarrete Sarabia;4483984;1/10/2019
68936;Consuelo Peral-Salvà;4791299;3/6/2019
92878;Baltasar Flores Suárez;5651410;16/5/2019
48028;Trinidad Ayuso Agustín;5947307;8/9/2020
90257;Ximena Laguna Matas;6686681;11/11/2020
70302;Eli Royo Múgica;6506464;8/8/2021
82423;Constanza Lozano Diéguez;1614152;15/3/2019
20695;Águeda del Benítez;3826502;8/8/2018
72333;Noé Frutos Feliu;500172;8/1/2021
17307;Elena Jenny Sedano Osorio;811236;4/4/2021
19594;César Palacio-Vicens;9245784;26/11/2021
10572;Carmela Capdevila-Arcos;8551421;7/5/2021
43711;Eli Palomo Alcaraz;6794915;17/1/2020
16712;Rosalina Valencia Blázquez;7470316;16/12/2018
94826;Fátima Cabo-Llamas;3997528;18/11/2019
57606;Gustavo Verdú Quintero;1188453;25/9/2020
51480;Alexandra Huerta Neira;31657;19/8/2021
56814;Eustaquio de Planas;8857565;28/2/2018
92598;Rita del Terrón;7524728;8/9/2018
82541;Leandro Laguna;4464792;14/7/2018
97643;Águeda del Jaén;2097929;9/3/2018
28658;Amelia Escudero-Contreras;435271;5/11/2019
96711;León Peralta Aguilar;4358642;26/10/2020
10329;Margarita Diego Arroyo;6826836;16/1/2018
55030;Fernando Aragonés-Tur;6641814;9/7/2019
56302;Carlota América Huerta Villar;6852902;28/4/2020
93820;Salud Casanovas Zorrilla;7590160;29/3/2018
49155;Dora Bas;772626;19/6/2021
96095;Valeria Perez-Ruiz;4664448;23/2/2019
12832;Julieta Pulido Sánchez;7152305;31/12/2019
86441;Lorenzo Coca Mosquera;1833322;12/3/2019
28384;Matías Serra Fernandez;7067964;27/7/2018
87914;Cristóbal Alcántara León;8014232;17/2/2019
67106;Elodia Nevado;6735328;24/6/2020
27707;Ariadna Jordán Acedo;5411958;8/10/2018
70068;Noa Cervantes Gallo;3329010;23/5/2019
71681;Macaria del Bertrán;6720608;2/8/2018
83479;Manolo Borrego Medina;4496391;17/11/2020
36028;Victor Manuel del Anaya;778727;20/1/2020
39151;Cruz Pacheco Marí;2424718;28/4/2021
23016;María Fernanda del Clavero;1251709;8/12/2021
25822;Guiomar Serna Lamas;885370;26/2/2019
10519;Claudio Fonseca Bustamante;4125478;15/1/2019
93928;Joaquina Miguel Guerrero;8480811;10/7/2019
25033;Ámbar de Sanmartín;6093641;13/4/2020
95284;Bernardo Saura Abella;3627770;1/9/2020
27506;Rodolfo Peinado;1220223;9/12/2018
91155;Josep Gutiérrez Novoa;6528017;14/10/2018
82391;Maristela Colom Pacheco;8204501;2/8/2021
48103;Cornelio Silvestre Sarabia Barón;3475145;11/7/2019
96979;Galo Carbonell-Valenzuela;3933007;18/2/2020
96113;Concepción del Barba;3277873;2/3/2021
52101;Lidia Colom Mateu;5852892;6/8/2019
23281;Gilberto Maximiliano Gutiérrez Benet;7766795;22/4/2020
35401;Asdrubal Perales;8715911;10/6/2019
15470;Bienvenida Espada Ramírez;5434385;29/5/2018
53094;Yésica Sabater Gomila;7185729;11/10/2020
84755;Lucía Aramburu Casals;7608642;14/7/2021
78208;Nazaret Boix Casas;5348641;16/4/2020
36202;María Dolores Guardiola Torrents;4409194;19/4/2021
46245;Tristán Reguera Hierro;4253825;14/2/2019
12207;Teodosio Sedano Carreño;6703655;9/9/2021
35371;Benito Camilo Gutierrez Nicolau;1848425;9/10/2019
13728;Alondra Jiménez Urrutia;8665367;5/7/2018
58587;Teófilo de Escalona;2353967;18/2/2018
45916;Pepito Tena Rocamora;6731064;13/1/2020
55087;Martin Teodosio Barco Valenciano;6844399;10/11/2018
69298;Ruperto del Talavera;5016678;2/8/2020
85713;Remigio Luna Trillo;4659981;8/6/2019
23406;Matías Jose Miguel Asensio Peralta;9552328;12/6/2020
13761;Petrona de Olivares;549250;27/4/2021
86580;Elpidio Arsenio Peral Figueras;7691429;3/12/2018
71140;Águeda Romero Olmedo;4866058;25/11/2019
33349;Nereida de Mercader;7904888;1/12/2018
71226;Inocencio Duque Martinez;7678751;6/6/2021
29924;Florencia Ribera Franch;9637882;3/10/2021
57510;Zaida Ibáñez Belda;9869757;12/5/2020
73853;Juan Francisco Sotelo Porcel;4656735;17/8/2019
31659;Amor Pla Terrón;399859;7/12/2019
59063;Fabiola Vicens Aguilar;5747231;17/10/2020
43793;Roberta Bolaños Bernal;8173241;9/8/2021
42858;Eufemia Segura Haro;2352153;30/7/2021
10201;Andrés Felipe Uriarte;3477028;27/4/2020
38581;Baldomero Jordá;4594232;2/11/2021
51335;Leyre del Cano;8652331;19/7/2021
55201;Marta Cuesta Rueda;4711101;22/6/2021
25796;Ignacia Salvador-Ojeda;8641592;20/12/2021
42161;María Bermúdez Lamas;5730960;10/9/2019
32892;Jimena Alarcón Bayo;1310285;3/8/2020
79762;Gil Ferreras Lara;9253362;27/2/2019
54947;Fortunata Cuervo-Vara;1811827;1/7/2020
50603;Águeda Ropero Frutos;2784115;24/8/2018
74220;Sergio Adadia Guzman;5926091;17/9/2021
26232;Azeneth Vicens;8566591;27/8/2018
70820;Amado Cantón-Villanueva;5956724;21/3/2021
80437;Iker del Tamayo;311509;9/10/2018
11667;Adalberto Cardona Carrión;5862756;2/10/2019
51781;Olegario Vigil-Abad;8342093;10/7/2020
37446;Sonia Filomena Guitart Gámez;5515518;8/3/2018
27390;Adelina Adán-Sáenz;9953821;30/5/2021
58056;Trini Rodrigo Alonso;4127115;23/11/2020
22063;Fabián Rozas;635401;2/10/2021
14228;Juana Serra Quintero;1179205;1/5/2021
98734;Nerea Mena;1848729;1/3/2021
45892;Santos del Cárdenas;2204717;21/9/2021
47848;Marianela Olmo-Parra;7172377;10/2/2019
90591;Celia Aranda Escamilla;4807014;18/12/2018
15743;Edelmira Bayona-Carreño;714075;24/5/2019
16366;Claudia Posada Peñas;7395699;20/2/2020
59962;Bautista Iriarte;6616401;28/1/2021
41886;Bárbara Nazaret Millán Casals;9348817;7/8/2021
26020;Silvio Menéndez Martorell;9815243;14/4/2019
86031;Herminio Isaac Miguel Sarmiento;6914386;14/6/2018
38035;Marisa Font-Montalbán;2741406;14/7/2019
39071;Miguela Fernandez Garmendia;2625364;16/12/2019
13187;Guadalupe Adelardo Criado Cuenca;8779523;6/6/2021
20739;Silvia Codina Agustín;7733478;11/10/2019
87463;Marcial Carretero Rios;7085700;2/10/2019
22984;Reina Iñiguez Jaén;9045576;28/10/2021
49649;Jacinto Sanabria-Marín;2574478;23/9/2018
20546;Nadia Ferrera Artigas;5803751;7/1/2018
66347;Hilario Tejera Bastida;9090225;23/12/2021
10631;Hilario Noriega;2622008;15/10/2020
25623;Rosalía Sandoval-Iglesias;2552352;28/6/2020
11085;Arturo Badía Pelayo;342660;9/2/2019
88266;Eusebio Vazquez Fabregat;7322713;16/9/2018
10835;Aníbal Pavón Antón;5307168;31/1/2018
58326;Eusebia Javiera Aramburu Marqués;2065521;26/4/2020
22855;Tiburcio Saldaña Verdugo;2857913;18/12/2018
84486;Edu Valcárcel Coronado;9492785;27/7/2018
99657;Chus Espejo Valentín;8976650;26/2/2021
69303;Ani Luna Riba;6586751;9/6/2020
67839;Abril Sáenz Arteaga;7013386;21/2/2018
71602;Humberto Moraleda Comas;4850788;2/6/2018
36495;Rosario Nogués;9211887;12/8/2018
22050;Juan Manuel Hoz Luís;8159716;15/10/2021
64116;Fidela Mur Cabrera;7490357;2/3/2018
61698;Javier Recio-Sureda;77337;2/5/2020
56424;Amarilis del Calzada;7275450;30/10/2019
22095;Severino Hugo Benet Vélez;2783489;3/2/2021
51642;Silvio Sevilla Solana;573410;28/11/2020
43636;Josep Huertas Manso;6759491;28/9/2021
72162;Aurelio Costa Bas;4683863;28/2/2019
43449;Carla del Serrano;6157338;28/7/2018
86524;Eleuterio Soto;4367420;26/6/2018
38139;Yolanda Quintanilla Losa;7025219;2/12/2020
90262;Victoria Aznar Azcona;4592376;24/3/2018
86427;Camila Barceló Zamorano;2464281;8/6/2019
42813;Curro Jove Robles;5882411;13/12/2021
73051;José Ángel del Marquez;396495;11/8/2018
86748;Reyes Nogueira Castilla;3493408;1/9/2019
84832;José Ángel Anaya Cifuentes;3438974;10/7/2018
21776;Coral Salom-Botella;6062844;14/12/2019
26010;Ildefonso Arnal Garmendia;9942871;31/12/2020
11118;Abilio Vélez Jimenez;3086631;19/9/2018
14720;Amarilis Rosado Corral;5145837;23/5/2021
10552;Marc Franco Cepeda;1464986;16/9/2018
58218;Emma García Sanmartín;8716669;15/10/2019
57519;Román Aguirre Cerezo;8294247;5/5/2018
85787;Ovidio Mosquera Calleja;2595620;24/12/2020
97328;Emelina López-Pellicer;1384252;19/12/2021
98373;Toño Riera Ocaña;6063728;10/5/2021
64003;Renata Coronado;6011827;15/1/2019
99111;Seve Luis Miguel Molins Gisbert;1713458;22/7/2019
94345;Mirta Herrera-Saez;2571611;22/4/2021
66774;Lope Cerdán Jaume;2888;22/4/2018
39379;Sandalio Bermejo Chaparro;8556296;16/11/2020
56855;Chuy Pedrero Mora;5006157;6/4/2018
28298;Nerea del Bermudez;1322992;2/3/2018
94559;Maristela Herrero Vera;3353199;17/4/2018
72030;Perla Sobrino;4725488;25/4/2018
76277;Elisa Leon Lastra;9453763;29/7/2020
78913;Blas de Núñez;9503740;19/6/2019
87908;Ana Belén Gálvez Cuevas;1786367;26/2/2018
42411;Óscar Marí Lozano;7665846;20/9/2018
91433;Osvaldo Cristóbal Blázquez Diego;3067503;30/5/2019
65777;Josep Vallejo Montaña;9974956;29/9/2019
62938;Rosalina del Francisco;2445734;22/1/2018
32141;Eloy Ochoa Melero;5624416;1/12/2021
81367;Lidia Codina Luna;574558;10/6/2020
43253;Roldán Lerma-Amigó;8557401;23/6/2018
81012;Josep Chaves Larrañaga;5585391;4/1/2018
72828;Etelvina Requena-Pont;9752216;14/1/2019
91561;César Chamorro Pont;3970639;8/7/2021
20105;Piedad Sarita Matas Moya;6883527;6/7/2019
71547;Jacinto Aragonés Martinez;6024449;16/8/2019
24409;Delia Seco;5489398;13/8/2020
30158;Eligio Gomez Cánovas;7218761;30/12/2021
94451;Prudencio Zamora-Calvet;7406201;12/7/2019
94685;Javiera Espada Vall;5073606;2/3/2018
88316;Gil de Sáenz;5035215;4/10/2018
54252;César del Bellido;9763130;9/2/2020
87337;Palmira Merino;3342965;26/9/2021
70196;Nico Mancebo Gual;1148165;1/12/2019
87853;Jose Ignacio Belda Pedrero;8704508;6/1/2018
50257;Alberto Domingo Ferrero;5275623;18/1/2020
31636;Fabricio Arteaga Morillo;3914990;25/11/2021
30605;Matilde Palma-Borrell;2381776;30/8/2019
99655;Carmelita Samper Zabala;8476574;15/11/2020
33367;Julio Rey-Giner;5260728;4/6/2019
25541;Paula España Álvaro;5169343;15/4/2019
33618;Federico Sola Bauzà;1854194;11/6/2020
22759;María Bárcena Carlos;8385853;28/11/2021
25591;Irene Palomino Priego;2530711;17/1/2020
53428;Julia Valdés Cisneros;2323187;11/10/2018
84521;Maricela Mónica Almazán Capdevila;9613063;21/2/2021
10906;Juan Bautista Bermúdez Amador;239767;1/3/2019
25147;Edu de Marcos;9904912;15/4/2019
95870;Hilda Acero;9092081;14/6/2019
59428;Maricruz Roig Céspedes;2995361;26/5/2019
24404;Socorro Soria Cabrero;5450865;23/4/2018
22563;Edelmiro Valderrama;7899616;6/11/2019
46203;Fidel Matías Burgos Pérez;4777463;28/5/2018
50876;Victor Catalán;4864504;9/5/2019
60056;América Benavente Araujo;9652728;16/4/2019
28126;Eustaquio Lago;4890430;28/4/2018
68312;Calisto Iborra Colom;6095709;2/9/2020
74830;Saturnino Barrios Guzman;3163723;7/3/2020
53266;Marcos Almagro Cañete;9747994;1/8/2020
99966;Lucio Benavent Calvet;1225317;8/5/2018
59482;Nicolás Ayala;6346565;11/7/2018
78520;Adelaida Gutierrez Oliva;4373030;25/7/2018
94005;Álvaro Falcón Alba;1745402;24/12/2018
40073;Ámbar Borrell Toledo;6155245;8/10/2021
45271;Mateo Carrera Gelabert;987671;10/10/2021
92140;Amalia de Nadal;5477080;23/6/2019
41210;Pío Tamayo Mora;2376537;10/5/2021
53252;Adelardo Muro Querol;1494514;1/10/2020
23649;Celestina Ortuño Santiago;7053226;31/8/2018
66595;Nacio Samper Agudo;6630736;6/8/2021
94006;Pepita Cabañas Alcalde;9282381;4/8/2019
79459;Hilario Aguado Pedrero;4985726;24/10/2018
40908;Cebrián Posada Arnaiz;853031;28/6/2019
90370;Amelia Jordana Español Marti;3568001;17/4/2020
61525;Jafet Llobet-Calzada;134230;24/5/2018
59015;Duilio de Asenjo;3406750;29/3/2021
35355;Glauco Ibarra;4027198;14/10/2021
52079;Esperanza del Díaz;3414907;14/1/2020
96176;Reyna Barranco Azcona;7052576;1/7/2018
35995;José Antonio Niño Pinedo;5467394;10/2/2018
48116;Salud Sancho Jordá;978355;13/11/2021
77586;Melania Mercedes Echevarría Pujadas;4733579;24/9/2021
46831;Nereida Beltran-Piña;7261957;30/11/2020
64089;Rafael Arnau Torre;6238691;10/12/2020
28420;Ciriaco Victor Manuel Pazos Montserrat;9904458;1/3/2020
42378;Aránzazu Soler Méndez;9421237;15/8/2019
98254;Dalila Briones Menendez;9934363;24/7/2021
84264;Hilda Lledó Pizarro;4232863;20/6/2019
56952;Seve Arroyo;9856578;9/10/2021
56152;Isidoro Ferreras Guijarro;1133005;15/4/2019
58519;Daniela Doménech Peñas;3442296;13/5/2020
15242;Segismundo Almazán-Dueñas;6371484;6/7/2018
41054;Sergio Perelló Múñiz;6103075;7/8/2019
77883;Antonio de Zorrilla;2989411;14/7/2021
32034;Enrique Alfonso Gelabert Bilbao;3871622;18/4/2019
36834;Aureliano Robles;7071043;26/11/2018
71484;Edgardo del Machado;9535577;18/11/2018
52692;Alicia Quintana Torre;2530316;16/3/2020
47733;Reyes Escudero Serna;3560319;23/9/2021
39703;Amado Trujillo Maestre;2771786;4/4/2021
71012;Luisa Iñiguez Moya;2476292;17/1/2019
98653;Adolfo Bonilla-Blanch;6839382;4/7/2018
52505;Dani Macias Ugarte;4946975;15/8/2021
33347;Bernardino Amor Llopis;7318302;21/10/2019
40442;Guillermo Sarmiento-Crespo;620641;21/11/2021
71052;Bautista Matías Vallés Quintana;6895809;14/11/2020
72012;Silvia Tejedor Gisbert;5072313;6/10/2018
24816;Coral Galindo-Seco;4756442;18/7/2020
69964;Dominga Montserrat Ortuño;9282861;29/5/2018
77249;Ignacio Roselló Andreu;9399701;21/7/2019
56153;Isaura Ariza Lastra;6367085;18/7/2018
21598;Zaira Jenny Somoza Tena;9966211;13/9/2019
25019;Purificación Peinado Oliveras;186883;2/11/2018
19237;Manuelita Calzada Gomez;8020970;28/11/2021
79183;Reyes Luís Pino;7475657;14/4/2019
34722;Adán de Carrasco;5893421;10/9/2020
58588;Custodio Herrero;7586773;24/6/2019
76118;Chus Cárdenas;1397580;14/5/2020
58709;Adriana Elorza-Varela;2297938;13/3/2021
64057;Amado Villaverde-Tamarit;3480600;9/11/2021
16381;Fito Prieto Salcedo;1202129;10/5/2021
62659;Ámbar Perera;1134954;21/12/2018
73040;Ana Sofía Aguilar Figueras;4406662;2/6/2021
95468;Alejo Tomas Ángel;7331806;25/11/2020
15832;Mariano Raya;4753622;16/12/2021
44753;Amor Carnero García;9789902;31/5/2020
52729;Eleuterio Carrera Ordóñez;386462;23/11/2018
72964;Anita Carlota Palomares Amorós;4525250;23/7/2018
83503;Sosimo Noguera Viana;6661653;1/1/2021
34670;Micaela Ugarte-Aroca;5883473;22/6/2021
59527;Leticia Maricela Blanco Aroca;7674801;26/3/2020
72157;Chelo Rincón Dominguez;6530471;6/5/2020
57847;Bernarda Maestre Arenas;8933777;13/2/2019
56482;Ciriaco Miralles Martorell;9057947;3/7/2019
93595;Flora Tena Codina;9529358;9/1/2019
42421;Eutimio Leoncio Villa Garay;4063766;21/4/2019
37529;Bartolomé Salgado-Salas;6298717;14/10/2021
43266;Abilio Eladio Bermejo Alcolea;2331578;10/3/2021
20037;Susanita Arnau Manuel;3828593;8/4/2021
78525;Eligio del Otero;5571178;21/6/2018
70633;Ruben Hurtado Romeu;4804101;26/12/2018
69223;Julieta Duran Alvarez;3744720;28/1/2020
70220;Adán Aragonés Palomares;7041256;23/8/2021
92689;Emilia Nogués Barriga;7028338;20/3/2019
60033;José Manuel Sarabia Blanes;7651434;20/12/2019
50450;Sigfrido Franch Reguera;7265495;12/1/2019
19555;Alejandro Abellán Pinilla;3143434;18/4/2021
82867;Rafa Cruz Arnau Miró;6992321;27/7/2018
94171;Isabel León Gómez;1269569;18/3/2021
66545;Guiomar Iglesias Feijoo;3082646;12/1/2018
42445;Clotilde Hervia;2953955;12/6/2019
56170;Édgar Benitez Osorio;207459;10/2/2021
29775;Jimena Alba;5901874;27/6/2019
18095;Maribel Ballesteros Menendez;6348604;1/3/2020
82464;Albano León Cárdenas Isern;5575783;13/12/2019
56083;Gastón Amo Gelabert;3921192;17/6/2021
40858;Álvaro de Castrillo;1898155;5/9/2018
33395;Juan Cuesta Andrés;5414759;17/11/2021
74104;Jordán del Acero;6645776;20/8/2019
47482;Jose Ramón del Fonseca;5072281;29/11/2021
75281;Sabas Morera Carnero;9202616;15/12/2021
58479;Cirino Román Aramburu;697352;5/10/2018
89695;Victor Manuel León Patiño Arregui;5016268;2/9/2019
50818;Esmeralda Talavera Cruz;66174;18/12/2019
34597;Adolfo Tapia-Gordillo;2887472;24/1/2019
67793;Ovidio Domingo Barroso;7462889;16/5/2019
49446;Virginia Giménez Mendoza;5191258;4/7/2020
60038;Paulino Evaristo Pizarro Gracia;9073303;25/4/2018
46400;Adrián del González;4759292;19/1/2019
69311;Gloria Figueroa;8150232;29/7/2018
86987;Fabio Gutiérrez Sobrino;4459860;24/6/2021
22566;Cleto Caro-Río;6711726;23/3/2019
62006;Rodrigo Diéguez Vara;3425724;5/8/2021
24283;Cruz Luís Olivera;1935690;24/7/2021
51194;Estrella Crespi Niño;7744798;11/3/2021
78394;Urbano Agustí Herrero;8399679;21/2/2021
46755;Carmelita Susana Estrada Herrero;8999054;2/6/2021
99352;José Arana Hierro;1997882;13/10/2021
66324;Eduardo Bou Grau;1702789;4/5/2020
98017;Mayte María Ángeles Gómez Bayo;3335973;12/9/2019
55854;Jeremías Pedraza Bueno;5186895;16/9/2018
16567;Clara Toledo Galán;323845;1/11/2021
25198;Yago Torrens Barba;8443053;8/12/2019
51781;Juan Pablo Batlle-Bravo;3818714;25/1/2021
76186;Tecla Piquer Doménech;9012986;26/1/2019
94465;Beatriz Domitila Carretero Quintero;3512312;18/6/2019
25358;Régulo Prieto;1912808;12/3/2020
56988;Duilio Catalán Requena;4383561;13/1/2019
91921;Laura Amalia Otero Giner;8022275;1/4/2020
23233;Reyes Alcázar Moll;8182930;31/10/2018
90369;Luciano Ros Múgica;9665235;2/10/2019
41972;Ainoa Ocaña Alegre;9489403;30/9/2021
59439;Mercedes Sala Escolano;1316457;8/7/2019
90791;Mayte Velasco Almagro;5987920;2/12/2019
24267;Maite de Riba;1469790;24/8/2021
81134;Merche Carbó Benítez;5172027;12/8/2018
63705;Esteban Ramos Caro;8317947;25/11/2021
49453;María Del Carmen Villegas;8414972;16/2/2021
98769;Leonel Haro Castelló;5428467;6/4/2021
72722;Gerardo Montserrat Tamarit;1205642;12/6/2019
88402;Leonardo Lluch-Piquer;563445;1/5/2021
86600;Alfonso Pozo;8735940;14/12/2020
47032;Consuelo Nogués Aranda;7571093;24/12/2019
82459;Ruperto Botella Camino;5146127;21/7/2019
22258;Micaela Reyna Ribera Calvo;8490623;24/3/2019
48515;Nicolasa Manzano-Campillo;1226018;25/5/2018
49735;Jovita Diez-Vara;6707952;23/1/2021
26118;Amaro Cruz Vicens Cuenca;9621215;14/7/2019
17324;Jesusa Viña Cordero;6633724;13/10/2021
22135;Hernando Egea Zabaleta;1895629;18/10/2021
31961;Eric Nogueira Sola;4964708;6/9/2020
60335;Alejandro Olivares Carballo;9564572;26/12/2021
64436;Elpidio Miguel;5586910;29/4/2020
75609;Arsenio Anastasio Solana Fabra;2245423;11/3/2021
98285;Alondra Franco;8405127;23/8/2021
95158;Georgina Grande Arteaga;6755306;22/12/2020
52422;Nuria Valera Bellido;740877;15/5/2020
20245;Inés Escribano;6236173;1/12/2018
32297;Vera Pérez-León;6147877;18/10/2018
51891;Herminio Dávila Ruiz;2308476;24/8/2020
18959;Luciano del Arnal;1426110;11/6/2021
83785;Marcos Julio César Canals Dominguez;7458071;28/8/2018
64164;Carmelo Pedraza-Balaguer;1503203;24/3/2019
99084;Yolanda Verónica Villa Palomino;2650776;24/12/2021
54442;Heliodoro Arenas-Sobrino;9900851;6/2/2020
36395;Eloy Francisco Jose Alonso Alcázar;5007834;1/10/2021
69589;Brunilda Aragonés Carrión;2976209;9/8/2018
26965;Nicodemo Alemán Asenjo;6375804;9/9/2018
84790;Yéssica de Reguera;5563869;11/7/2021
88085;Amor Coello Rivera;4624339;21/9/2018
77271;Cándida Flores Cerro;7841059;30/3/2021
44236;Rebeca Espejo Gárate;9628615;7/12/2020
97536;Agapito Moraleda;191714;16/3/2021
80915;Carlito Bellido Chico;2963270;21/12/2019
26071;Amelia Isern Palmer;7899256;19/7/2018
77249;Lázaro Baeza Herrera;6160860;16/12/2020
54071;Armando Tamayo Cabañas;1559330;2/12/2018
71972;Dulce Arroyo Blanca;971326;25/2/2018
29197;Edgardo del Puerta;5299426;9/7/2021
16488;Sancho Teodoro Gallo Olivera;6191448;14/5/2018
61105;Almudena Silva Acosta;7991210;30/10/2021
46837;Zaida Isern Sandoval;3709981;4/2/2019
77355;Blanca Lourdes Zurita Cid;7158117;25/3/2020
26795;Anacleto Castejón Ríos;5964647;2/8/2019
49987;Macaria Navarro Rios;9489343;26/3/2021
57254;Dora del Vilar;6963050;14/4/2021
95881;Marcia del Giménez;6132612;8/9/2018
50893;Artemio Carrera Alberto;5883556;20/12/2020
60972;Emperatriz del Blanca;6220784;17/2/2018
35069;Elpidio Mario Sola Espinosa;1797911;12/11/2019
58025;Leoncio Catalán Coca;6733530;25/6/2018
18658;Eugenia Alberola Doménech;6089274;26/8/2020
70475;Eva María Duarte Blázquez;8655787;15/5/2021
20950;Yaiza Vazquez Salom;2259211;19/11/2020
63661;Judith Canals Navas;4162939;29/5/2020
15506;Bruno Arjona Aguado;410071;12/9/2020
70772;Rodolfo Zabala Blanco;9585337;24/3/2019
46121;Morena Laura Miralles Rocamora;1948329;20/1/2019
47017;Angelita Cañete Roldan;338033;26/8/2021
77740;Abel del Bermejo;3007462;29/9/2021
59981;Paulina Lorena Giménez Hernando;7955180;20/7/2018
43780;Custodio Hervás Román;6896916;18/11/2019
34019;Ale Amores Egea;2284882;7/12/2020
27966;Salomé de Amaya;1610268;24/4/2021
16889;María Carmen Tecla Domingo Franco;1156979;15/5/2021
58975;Sigfrido del Porta;78460;1/11/2021
71766;Lidia Catalán-Ramos;7336247;25/5/2019
51258;Flavia Valle-Mur;8319620;4/2/2019
96396;Che Carbonell Pablo;1171128;4/9/2019
82047;Judith Garcia Cordero;6689008;3/3/2020
19429;Graciana Galván Tamarit;5964637;18/3/2019
93465;Ascensión Valls Águila;5522584;23/11/2018
51018;Agustín Boada Dávila;4469028;4/8/2019
97572;Javier Otero Ariza;6689997;19/6/2019
53593;Néstor Fuente Estévez;7371732;9/3/2020
65397;Onofre Rincón Andreu;3090818;12/1/2021
32581;Eli Millán Morillo;5008095;4/9/2018
40810;Anabel Fabregat Corbacho;876578;15/3/2021
79862;Belen del Santos;2504184;1/3/2019
39857;Paulina Cifuentes Campos;6794302;25/11/2018
85525;Víctor Felipe Tomas Valdés;6837978;15/2/2021
42600;Ana Sofía Castejón Raya;236423;14/3/2018
79272;Eugenio Maxi Lopez Moll;7708473;9/1/2021
17345;Gilberto Vidal Ropero;6071224;11/3/2018
55895;Luis Talavera Tamarit;4654502;7/8/2019
26874;Andrés Felipe Cuéllar Córdoba;2361871;25/1/2018
38996;Benigno Jerez Morales;3500377;8/12/2018
77704;Maite Catalán Navarro;7507779;9/6/2018
19185;Abilio Clemente Aznar Zamora;7309637;4/3/2018
31466;Saturnino Sabater Manrique;9450989;5/10/2021
48505;Pancho Abascal Blanca;1623011;24/8/2018
56424;Marisol del Mascaró;9891822;27/6/2019
70605;Xiomara Águeda Herrera Mata;3951552;12/1/2020
49730;Catalina Rosalva Real Luján;9788197;17/1/2020
79689;Eligio Carreras Fuster;6804536;5/3/2019
12804;Pilar Gilabert Narváez;9858060;16/12/2020
68434;Tecla Jover-Perea;2695912;24/9/2018
12093;Valentina Jurado Giner;9648926;9/4/2021
48103;Kike Clemente Viña;4355778;14/1/2021
84222;Ámbar Arroyo Benavent;8125421;11/5/2019
99704;Maristela Guadalupe Galvez Izquierdo;3044602;9/1/2018
63641;Amor Pinilla Pizarro;8366616;29/11/2019
19804;Javiera Molina Ramírez;1410702;11/3/2021
47872;Luisa Juárez Cerezo;3955413;7/4/2020
89827;Flavio del Cuenca;199917;16/8/2020
85613;Casemiro Álamo Angulo;4719642;29/2/2020
70057;María Del Carmen del Carnero;7934845;27/1/2018
49576;Purificación Blanes Manrique;4048319;15/6/2021
30399;Irma Marcela Burgos Domínguez;1516623;20/11/2021
43839;Amando León Juan;161849;20/3/2019
30879;Ciro Fabregat Fuertes;498;4/11/2020
22561;Guiomar Maza Jover;5716013;26/8/2019
77239;Anabel Otero Coloma;3718971;29/9/2021
26587;Florencio Pedro Collado;6908174;4/10/2021
73543;Ciro Jove Borrego;6210334;22/3/2020
58794;Ruperta Marisa Raya Vega;3027965;1/5/2020
77271;Melchor Robles Ródenas;2739151;19/12/2020
74951;Manola Farré Quiroga;2700639;26/6/2020
96938;Alba Pizarro Valenciano;3158585;25/8/2018
48583;Leocadio Calvet Matas;407448;25/2/2020
67366;Silvia Pozo Bernat;9172724;3/6/2020
51215;Fernanda Leandra Nogueira Rosales;9467498;3/9/2018
87346;Celestino Acevedo;8456402;15/4/2019
10916;Eduardo Barranco Peralta;4871512;7/6/2018
82336;Lorenza Bello Alegria;2491037;3/10/2020
60787;Dorotea Débora Vera Anaya;6638911;1/6/2021
14285;Araceli Gallo Osuna;5031722;18/11/2021
35935;Esperanza de Hidalgo;8244940;11/11/2020
37124;María Teresa Bermudez Guillen;9564389;1/6/2020
38494;Tito Bermudez Cabañas;2861007;6/1/2020
75448;Evelia Giménez Santamaría;7896091;27/2/2018
75120;Sigfrido Noriega Yuste;6110705;7/3/2020
59603;Lorenzo del Escamilla;1866829;21/9/2018
49868;Guillermo Galán;4267873;23/5/2019
48334;Camilo Cleto Andres Vergara;8271876;18/8/2020
56608;Inmaculada de Checa;1232525;26/7/2020
38985;Candela Palau Múñiz;4320000;25/1/2018
11798;David Florencio Manrique Verdugo;7786637;14/5/2020
41083;Jerónimo Puente Diez;4897215;23/1/2020
76815;Brunilda Lopez Perez;3805853;11/9/2018
65548;Antonio Escribano Verdú;0;1/4/2019
59620;Aurelia Roma-Vara;9492166;7/1/2021
96930;Ani de Lloret;6570497;8/8/2018
20906;Isaías Ayuso Berenguer;9241186;16/12/2021
26473;Elisa Alsina;4013181;21/5/2021
98964;Andrea Pedrosa-Barrio;7166084;10/4/2019
31392;Cesar Arrieta Vigil;3623512;13/3/2021
57057;Florentino Abilio Hoyos Barragán;7623277;6/1/2018
33956;Susanita de Aguiló;8433396;10/9/2021
92691;Valerio Bermejo Larrañaga;851364;13/7/2020
99315;Jesusa Ripoll Pardo;3145224;12/5/2020
68555;Cintia del Alcolea;9675134;6/11/2018
31840;Prudencio Bastida Galan;7529552;22/1/2018
65222;Lope Aller Sanjuan;1708725;14/11/2019
45301;Humberto Acero;4645793;28/1/2019
46611;Rosalía Nogués;6659128;10/6/2021
14584;Maite Gutierrez-Rubio;5406452;12/4/2018
89800;Heliodoro Miranda Suarez;403223;5/3/2019
21080;Jesusa Báez;5407815;2/3/2018
69750;Marita Arana Arco;953741;26/11/2019
86752;Rosa María Vicenta Neira Menendez;4658816;21/5/2020
91292;Ximena Albero Manuel;485620;5/11/2020
27235;Kike Fernández;2081431;3/12/2020
80270;Wálter Ruano Manjón;199508;21/10/2021
11641;Pelayo Peñalver;4443951;8/1/2020
16607;Flavio Jover Quiroga;4383183;4/6/2018
45976;Glauco Maldonado Benito;8102853;25/12/2021
99519;Rafa Salom Aragón;799837;18/1/2019
97130;Macaria Costa Peralta;3967425;2/7/2021
33640;Melania Albero-Manso;3157183;29/9/2020
67323;Gervasio Costa Quevedo;3809272;1/8/2020
45029;Felipa Gras Bosch;9876141;4/6/2020
38074;Marcelino Carbajo Río;2375213;10/11/2018
30447;Marcia Pineda Luque;3788552;9/7/2019
71079;Valerio Evaristo Salas Canales;1834595;22/10/2021
32635;Jesusa Castrillo Morante;7857887;6/6/2018
77412;Julia Andrés Amor;1047622;5/11/2018
97946;Roldán Espejo Posada;6676732;23/1/2020
17318;Dominga Gracia;2179622;21/7/2019
48918;Clarisa Osuna;597942;18/8/2019
23917;Jenaro Solsona Heras;1447600;25/12/2021
78913;Eligio Benavent Carlos;2063808;1/10/2018
62112;Hortensia Bárcena Estévez;7563065;16/12/2018
15204;Humberto Niño Briones;6677338;12/2/2021
48066;Teodora del Piñeiro;1261948;3/5/2020
53257;Lupe Gras-Melero;1080825;5/2/2019
51932;Vanesa Olivia Pera Álamo;4554721;27/4/2019
64574;Gilberto Goicoechea-Blasco;2399026;12/11/2019
97380;Carmelo del Sevillano;2007580;29/12/2019
31043;Prudencia Lloret Olivera;4884531;19/1/2020
87396;Pánfilo Ariza;9420417;30/10/2019
96653;Guiomar Olmedo Robles;6035547;24/5/2019
18850;Magdalena de Arcos;8849935;14/9/2020
87067;Mohamed Montserrat Mateu;5297533;21/10/2020
76578;Fernando Oller Portillo;468635;22/7/2020
47911;Haroldo Villalobos Tamarit;9241816;17/7/2021
60680;Pepe Acedo Taboada;46259;11/10/2018
96714;Marisa Guardia Zamora;9171127;9/8/2018
59569;Paola Guzman Cózar;8109786;3/3/2019
18823;Primitivo Ferrández Hurtado;8766337;5/1/2021
57850;Fabiola Garrido Márquez;9780443;22/10/2018
79103;Dionisio Vázquez Vilalta;7161620;22/11/2021
93137;Alba de Arcos;817300;1/5/2020
70102;Salvador Angulo-Leal;4185979;1/11/2020
59252;Máximo Aroca Saez;3192904;9/8/2019
15614;Trinidad Anguita Cervera;4980821;5/12/2018
17347;Mohamed Valle Maestre;4388120;7/8/2018
60556;Dorita Pino;1765187;23/3/2018
13541;Bernardino Lillo Ugarte;0;26/6/2019
78999;Rubén Bas Gordillo;326743;3/12/2021
27651;Casandra del Palmer;6910991;13/8/2021
19028;Raúl Benítez Prado;7600065;7/5/2019
36047;Montserrat Navarrete Company;1995019;30/5/2019
86870;Federico Cañete;4202492;10/10/2019
13651;Nélida Adela Acedo Iglesias;7791484;13/1/2020
98337;Esperanza Larrea Coloma;2336264;19/5/2019
61131;Armida Sara Maldonado Sobrino;4226865;9/1/2021
47536;Adelia Mascaró-Lladó;5186710;1/2/2018
11484;Guiomar Pazos Acedo;4472975;21/1/2020
73617;Humberto Marti Coloma;3087690;22/3/2019
53540;Isaías Tormo Pinto;7048802;22/3/2019
72996;Lucila Mariño Falcó;4710985;31/3/2018
82374;Odalis Mateos Requena;3192256;1/9/2021
37730;Encarnación Adela Abad Sebastián;2057893;27/9/2018
38959;Yéssica del Manjón;7733247;13/1/2019
71834;Abraham Barrena Pulido;3024550;9/4/2021
15241;Edu del Cabo;9541297;24/6/2019
71675;Florinda Santamaría Escudero;4160685;7/7/2019
32987;Modesta Benavente Pazos;9177401;6/2/2018
69805;Paola Roldan;1089792;26/7/2018
64149;Piedad Exposito Martin;3548352;1/2/2021
11120;Roque del Olivera;376423;17/4/2021
43681;Heraclio Escribano Yáñez;9409665;25/10/2018
36977;Claudio Batlle Campos;523590;28/11/2021
51285;Aurelio Sans Clavero;7874895;21/6/2020
96623;Carmelita Sanmiguel Briones;6894834;22/8/2020
21346;Eufemia Caparrós Abril;8045271;14/5/2020
37715;Haroldo Reig Balaguer;6771745;3/6/2018
13909;Camilo Quiroga;336121;29/8/2019
32795;Maxi Martín Ferrán;1463628;27/7/2021
67015;Cayetano Marin Solé;7385242;14/7/2021
61227;Augusto Vendrell;6514081;21/10/2021
78503;Lourdes Alberto Vicente;1981323;12/9/2019
72455;Eulalia Ruano-Jove;6144913;5/3/2021
51282;Carolina Fanny Báez Perea;9003909;27/5/2018
73547;Delia Gallardo;6445765;1/1/2021
81090;Cristina Molina Perales;7201637;18/5/2019
33941;Crescencia Bustamante-Trillo;2469880;12/9/2020
51026;Faustino Cuervo Jara;2172284;6/7/2021
29832;Milagros Goñi Mármol;5352127;3/3/2021
29050;Pastor Ovidio Azorin Lamas;5707454;18/9/2021
17333;Calixto Luján Aramburu;4605574;11/7/2019
31091;Isaura Madrigal Gallart;340832;5/2/2019
38453;Amado Aguirre Cortina;7812437;14/8/2021
90362;Anselma del Falcón;4543323;2/8/2020
90151;Rosalina Benavides-Marti;7453077;27/6/2020
65586;Claudio Guardiola;2210785;25/12/2021
10336;Sonia Rovira Morata;4553021;1/5/2021
21518;Delia Ledesma Dominguez;5721600;16/4/2021
50508;Néstor Nebot Cervantes;343924;22/11/2021
66162;Olivia Miguel Salvador;6320342;14/2/2018
40671;Dafne Blanes Jove;6655981;18/3/2018
75053;Pili Molins-Mosquera;0;5/2/2020
98631;Priscila Santiago Acevedo;8986299;17/12/2020
27499;Susana de Tur;6014028;2/1/2018
93062;Roque Paredes Farré;9838746;27/6/2019
54352;Maribel Celia Galiano Gonzalez;9773660;22/9/2019
49380;Amaya Andres Chaparro;6189673;8/9/2020
46214;Wálter Ibáñez-Sarmiento;9236548;18/4/2021
61088;Salud Soler;7579157;26/1/2021
43018;Julia Moll Puerta;1500;8/11/2020
94324;Georgina Falcón Aparicio;6176591;25/3/2019
46765;Rafael Prado Barberá;7610481;10/6/2020
73597;Reyes Enríquez Escamilla;2660309;24/5/2021
12482;Herminio de Vazquez;7930215;30/10/2019
88600;Noé Josué Vives Sanmartín;267732;26/7/2018
48584;Agustín Catalán Sanjuan;5653035;8/4/2018
59022;Candelas Manso Bas;4332759;20/8/2021
11699;Benjamín Vila;6593382;8/3/2019
47364;Dorotea Ledesma Alegre;8587101;21/6/2018
49903;Marcela Salgado Botella;4162090;30/5/2021
44852;Roberto Perera Coello;5720133;15/5/2020
40000;Curro Valdés Valero;3543036;18/7/2021
72537;Gaspar Hierro Morell;2416530;26/10/2018
27779;Eloísa Emilia Herranz Ocaña;3392318;23/4/2020
54861;África Carretero Fernandez;8166976;3/12/2018
36644;Roldán Patricio Colom Conde;7482228;22/8/2020
34703;Catalina Lozano Andrade;7207544;20/6/2020
43841;Joel Noriega Alemany;4859954;5/10/2020
66417;Feliciana Izquierdo Zamorano;1777551;25/10/2021
57834;Sigfrido Riera Rueda;8273665;26/5/2021
76793;Alex Ropero Cuenca;230758;8/4/2018
10563;Inocencio Escolano-Olivé;5191088;3/11/2019
90375;Daniel Sanabria Ordóñez;97868;16/2/2019
62766;José Cueto Fajardo;8682617;6/3/2021
99276;Lilia Cánovas Alfonso;8265376;11/4/2021
22331;César Cervera-Fuentes;89530;8/7/2018
48082;Cristina Valderrama Cervera;911453;8/11/2018
12692;Nereida Arenas Valera;5200817;10/1/2019
25758;Amando Calatayud Diaz;9133368;14/2/2019
67095;Maribel Escolano Flores;1515548;3/1/2018
93245;Eloísa Fajardo Martinez;8834896;19/12/2019
33925;Raquel Cózar Monreal;8736111;29/12/2020
98262;Anunciación de Grau;7433045;5/4/2020
88188;Rosa Pozuelo Peñas;5344351;24/8/2018
67985;Cosme Quesada Herrera;5669053;11/8/2019
24802;Inmaculada Alcolea Pallarès;2952880;20/2/2018
13660;Leocadio Casares Puerta;8144186;1/6/2021
56541;Ester Salcedo Ballester;2128215;5/1/2020
73049;Lilia de Poza;6288639;14/11/2021
80634;Alejandro Carbó;3692406;29/12/2021
65391;Calixto Ros Gil;6373146;20/2/2020
10366;Albert Fabra;3305655;1/9/2018
74155;Geraldo Leal Manuel;9974572;7/10/2021
50569;Regina del Paz;5968832;1/7/2019
49125;Ovidio Pino Escalona;3315834;19/6/2018
35031;Amanda Barrio;7250704;14/2/2018
22567;Gertrudis Chaves Amores;5095485;13/7/2020
55048;Maite Navarrete;3674962;3/1/2019
12427;Palmira Mármol Rosselló;4482540;13/9/2019
82690;Pacífica de Rius;1392067;8/2/2021
38366;Plácido Ugarte;6877474;6/2/2020
35037;Jaime Pinto-Castells;5012631;7/4/2021
94658;Sonia Barros Suarez;9223859;29/4/2019
79352;Hortensia Hoyos Naranjo;6411266;11/11/2021
26138;Jacinta del Jara;1028164;23/7/2018
